{
  "n_estimators": 1800,
  "max_depth": 11,
  "learning_rate": 0.13327699742854343,
  "min_child_weight": 27,
  "subsample": 0.7712522739634728,
  "colsample_bytree": 0.7579125817224999,
  "reg_alpha": 0.3486649553739006,
  "reg_lambda": 1.1348947387586092,
  "gamma": 1.8586338001197933
}