{
  "n_estimators": 2000,
  "max_depth": 10,
  "learning_rate": 0.2808411080870922,
  "min_child_weight": 13,
  "subsample": 0.8323589863090803,
  "colsample_bytree": 0.30327665413243077,
  "reg_alpha": 0.0018698455644489155,
  "reg_lambda": 0.005147675662631415,
  "gamma": 0.5846067698082708
}