{
  "n_estimators": 400,
  "max_depth": 7,
  "learning_rate": 0.0182336727425246,
  "min_child_weight": 20,
  "subsample": 0.744751697663508,
  "colsample_bytree": 0.5514985396089913,
  "reg_alpha": 2.3798169860274378e-07,
  "reg_lambda": 0.009421939393801617,
  "gamma": 4.974363489506542
}