{
  "n_estimators": 1800,
  "max_depth": 12,
  "learning_rate": 0.023257197450983945,
  "min_child_weight": 38,
  "subsample": 0.4769265803828558,
  "colsample_bytree": 0.7619292391935568,
  "reg_alpha": 8.215397454533478e-06,
  "reg_lambda": 1.83362288689366e-06,
  "gamma": 2.1207650187154705
}