{
  "n_estimators": 1100,
  "max_depth": 3,
  "learning_rate": 0.045598452736240816,
  "min_child_weight": 15,
  "subsample": 0.437393611647949,
  "colsample_bytree": 0.8293393893520071,
  "reg_alpha": 2.1057866230802912e-08,
  "reg_lambda": 0.0006962422674235175,
  "gamma": 2.6514241815991735
}