{
  "n_estimators": 700,
  "max_depth": 5,
  "learning_rate": 0.045632788863926015,
  "min_child_weight": 24,
  "subsample": 0.8312432658985223,
  "colsample_bytree": 0.861728209995201,
  "reg_alpha": 4.7612206627629975e-05,
  "reg_lambda": 6.29175641984554e-05,
  "gamma": 2.170815561036078
}