{
  "n_estimators": 100,
  "max_depth": 5,
  "learning_rate": 0.4205672134961494,
  "min_child_weight": 32,
  "subsample": 0.7130531151413494,
  "colsample_bytree": 0.9813196597178695,
  "reg_alpha": 0.018092984976369367,
  "reg_lambda": 0.40401964962307574,
  "gamma": 3.1265220319143854
}