{
  "n_estimators": 1200,
  "max_depth": 12,
  "learning_rate": 0.02555005598832218,
  "min_child_weight": 2,
  "subsample": 0.4538204739928667,
  "colsample_bytree": 0.9068983542812485,
  "reg_alpha": 2.218072356233048e-07,
  "reg_lambda": 0.13996986719646057,
  "gamma": 1.0509802580054366
}