{
  "n_estimators": 600,
  "max_depth": 9,
  "learning_rate": 0.008274646385810262,
  "min_child_weight": 9,
  "subsample": 0.8198138968569624,
  "colsample_bytree": 0.5834103890106821,
  "reg_alpha": 0.3065568050003687,
  "reg_lambda": 0.19603380170670895,
  "gamma": 4.497080866926069
}