{
  "n_estimators": 2000,
  "max_depth": 4,
  "learning_rate": 0.06758326994015201,
  "min_child_weight": 24,
  "subsample": 0.9164619894149812,
  "colsample_bytree": 0.8375761284519198,
  "reg_alpha": 0.0004579876624227344,
  "reg_lambda": 0.0015075627258686018,
  "gamma": 1.3447738401525522
}