{
  "n_estimators": 700,
  "max_depth": 3,
  "learning_rate": 0.031101483125919892,
  "min_child_weight": 15,
  "subsample": 0.9749413464590169,
  "colsample_bytree": 0.8650747108654951,
  "reg_alpha": 4.229956267062609e-05,
  "reg_lambda": 0.00210161076298492,
  "gamma": 0.7587923715208582
}