{
  "n_estimators": 900,
  "max_depth": 5,
  "learning_rate": 0.07019125975342812,
  "min_child_weight": 14,
  "subsample": 0.9427067323919656,
  "colsample_bytree": 0.7676537557974116,
  "reg_alpha": 0.00018348422498989237,
  "reg_lambda": 0.13444416303068502,
  "gamma": 2.948595413527223
}