{
  "n_estimators": 100,
  "max_depth": 4,
  "learning_rate": 0.1368539307518812,
  "min_child_weight": 7,
  "subsample": 0.9019376952460285,
  "colsample_bytree": 0.9134464408705056,
  "reg_alpha": 0.009556691618894754,
  "reg_lambda": 0.00021949982374167563,
  "gamma": 0.8395673283054008
}