{
  "n_estimators": 200,
  "max_depth": 3,
  "learning_rate": 0.05922071107296874,
  "min_child_weight": 21,
  "subsample": 0.9357473290018453,
  "colsample_bytree": 0.7771083301477221,
  "reg_alpha": 2.739112886544614e-07,
  "reg_lambda": 0.022797169308565634,
  "gamma": 1.8917795205639836
}