{
  "n_estimators": 1200,
  "max_depth": 3,
  "learning_rate": 0.06313404163009327,
  "min_child_weight": 22,
  "subsample": 0.43181623399434466,
  "colsample_bytree": 0.8004088999946825,
  "reg_alpha": 0.0012638406652364727,
  "reg_lambda": 0.005447670926682116,
  "gamma": 0.24879519861856725
}