{
  "n_estimators": 200,
  "max_depth": 5,
  "learning_rate": 0.0789455690608726,
  "min_child_weight": 22,
  "subsample": 0.805097266324946,
  "colsample_bytree": 0.7957244717487006,
  "reg_alpha": 0.00028744927138946353,
  "reg_lambda": 0.008677880924149228,
  "gamma": 1.6024235514240175
}