{
  "n_estimators": 1600,
  "max_depth": 4,
  "learning_rate": 0.0540040567416084,
  "min_child_weight": 21,
  "subsample": 0.8648965111203268,
  "colsample_bytree": 0.8924504828789502,
  "reg_alpha": 0.000727481521504033,
  "reg_lambda": 0.003248515073141796,
  "gamma": 3.4216921720049642
}