{
  "n_estimators": 500,
  "max_depth": 3,
  "learning_rate": 0.03420386687025697,
  "min_child_weight": 25,
  "subsample": 0.9846144079466969,
  "colsample_bytree": 0.8519059951765381,
  "reg_alpha": 0.0003801003050965238,
  "reg_lambda": 0.001194624718937891,
  "gamma": 0.7929171118836456
}