{
  "n_estimators": 1700,
  "max_depth": 5,
  "learning_rate": 0.08106375275261116,
  "min_child_weight": 28,
  "subsample": 0.3229776044646594,
  "colsample_bytree": 0.8226189434508142,
  "reg_alpha": 0.0024159900502685166,
  "reg_lambda": 0.01984980883376241,
  "gamma": 4.861502479968593
}