{
  "n_estimators": 1100,
  "max_depth": 3,
  "learning_rate": 0.005399677196160667,
  "min_child_weight": 48,
  "subsample": 0.4084826585913658,
  "colsample_bytree": 0.8345967993536962,
  "reg_alpha": 0.0003395465838573439,
  "reg_lambda": 0.01780232944817995,
  "gamma": 1.4019325331148336
}