{
  "n_estimators": 100,
  "max_depth": 3,
  "learning_rate": 0.4134585485444828,
  "min_child_weight": 22,
  "subsample": 0.48161622068756005,
  "colsample_bytree": 0.8098427133339041,
  "reg_alpha": 0.0005456208324322895,
  "reg_lambda": 0.0010649330265648657,
  "gamma": 0.1888525168626538
}