{
  "n_estimators": 300,
  "max_depth": 6,
  "learning_rate": 0.08435895035622339,
  "num_leaves": 43,
  "min_child_samples": 63,
  "subsample": 0.7578454529768464,
  "colsample_bytree": 0.6453985162314223,
  "reg_alpha": 4.778285913469036,
  "reg_lambda": 1.2081862110974758e-05
}