{
  "n_estimators": 700,
  "max_depth": 8,
  "learning_rate": 0.015571085256799353,
  "num_leaves": 31,
  "min_child_samples": 44,
  "subsample": 0.8767611027151361,
  "colsample_bytree": 0.90955943312644,
  "reg_alpha": 0.0032464561499476654,
  "reg_lambda": 5.274201187277565e-06
}