{
  "n_estimators": 700,
  "max_depth": 8,
  "learning_rate": 0.024308069044788563,
  "num_leaves": 51,
  "min_child_samples": 78,
  "subsample": 0.8290848820276805,
  "colsample_bytree": 0.6772862852535942,
  "reg_alpha": 1.705554015615795e-05,
  "reg_lambda": 2.430556217696935e-08
}