{
  "n_estimators": 700,
  "max_depth": 7,
  "learning_rate": 0.01989053593334645,
  "num_leaves": 48,
  "min_child_samples": 25,
  "subsample": 0.5758746654657234,
  "colsample_bytree": 0.37420960161558026,
  "reg_alpha": 1.7045621350275848e-05,
  "reg_lambda": 2.0659492214601438e-07
}