{
  "n_estimators": 600,
  "max_depth": 10,
  "learning_rate": 0.0962528189430855,
  "num_leaves": 29,
  "min_child_samples": 93,
  "subsample": 0.6179588143076503,
  "colsample_bytree": 0.9856520541347074,
  "reg_alpha": 6.28387896030272,
  "reg_lambda": 4.774481968293786e-07
}