{
  "n_estimators": 300,
  "max_depth": 7,
  "learning_rate": 0.015523945145143735,
  "num_leaves": 56,
  "min_child_samples": 22,
  "subsample": 0.9342712548937818,
  "colsample_bytree": 0.8795450122770236,
  "reg_alpha": 0.03955601322164955,
  "reg_lambda": 0.08815265486497148
}