{
  "n_estimators": 500,
  "max_depth": 6,
  "learning_rate": 0.1122320654075287,
  "num_leaves": 30,
  "min_child_samples": 30,
  "subsample": 0.5706997355338346,
  "colsample_bytree": 0.9174268256283116,
  "reg_alpha": 0.005208220540408422,
  "reg_lambda": 1.456271331876171
}