{
  "n_estimators": 1000,
  "max_depth": 10,
  "learning_rate": 0.02107893671411644,
  "num_leaves": 43,
  "min_child_samples": 38,
  "subsample": 0.5472435955197045,
  "colsample_bytree": 0.8963672196914467,
  "reg_alpha": 6.240222814670918e-06,
  "reg_lambda": 2.1853020144674793e-08
}