{
  "n_estimators": 1000,
  "max_depth": 11,
  "learning_rate": 0.1341334991155442,
  "num_leaves": 43,
  "min_child_samples": 59,
  "subsample": 0.6187124796862011,
  "colsample_bytree": 0.7571130234444813,
  "reg_alpha": 0.10871165255398099,
  "reg_lambda": 5.06500482763839e-07
}