{
  "n_estimators": 500,
  "max_depth": 3,
  "learning_rate": 0.03263156133408729,
  "num_leaves": 56,
  "min_child_samples": 36,
  "subsample": 0.9027319625943949,
  "colsample_bytree": 0.6271993030107396,
  "reg_alpha": 0.0017285044613812672,
  "reg_lambda": 2.3633730369425097
}