mse_adj,mse_raw,qlike_filtered,qlike_nofilter,n_samples,exp_id,experiment_name,delta_qlike_filt,delta_qlike_no,delta_mse,delta_mse_raw
0.8462917543576249,1.0169615422981848e-10,3.4376168215416087,4.006709528765196,213067,3,liquidity,-2.3287352786104596,-1.7595794393112651,-0.09720108335710709,-1.137672122415287e-11
0.93091682553379,1.1235142277258533e-10,4.823477556759275,4.8232881448152805,213067,5,market_vw,-0.9428745433927936,-0.9430008232611806,-0.012576012180942064,-7.214526813860196e-13
0.943492837714732,1.1307287545397135e-10,5.766352100152068,5.766288968076461,213067,1,baseline,0.0,0.0,0.0,0.0
0.9273643198075533,1.189917395980892e-10,5.0548343020341635,5.054718035062247,213067,6,sentiment,-0.7115177981179048,-0.7115709330142144,-0.01612851790717873,5.918864144117837e-12
0.9421785716650005,1.1954403332229082e-10,5.5777275907676875,5.577667999809261,213067,8,vol_demand,-0.1886245093843808,-0.18862096826719998,-0.001314266049731505,6.471157868319465e-12
0.9286432604123575,1.2051499927856029e-10,4.795879299259374,4.795579545352836,213067,4,market_ew,-0.9704728008926944,-0.9707094227236253,-0.014849577302374573,7.442123824588933e-12
0.8681068838145894,1.566688729278706e-10,19.32406285987744,28.043571893581532,213067,2,microstructure,13.55771075972537,22.27728292550507,-0.07538595390014258,4.359599747389925e-11
2.023669105045259,1.128562579353224e-05,1129.29538296824,1290.2645462479634,409867,7,macro_vol,1123.5290308680878,1284.498257279887,1.080176267330527,1.1285512720656785e-05
1.7569459323714272,1.0560324436894233e+40,386.7688066440773,1208623473229402.2,409867,9,all_features,381.00245454392524,1208623473229396.5,0.8134530946566951,1.0560324436894233e+40
