{
  "n_estimators": 300,
  "max_depth": 5,
  "learning_rate": 0.028751104249880456,
  "num_leaves": 40,
  "min_child_samples": 22,
  "subsample": 0.933476474768077,
  "colsample_bytree": 0.46121109961050166,
  "reg_alpha": 2.4442997047170225e-06,
  "reg_lambda": 0.08392982864471783
}