{
  "n_estimators": 900,
  "max_depth": 4,
  "learning_rate": 0.18446394595761947,
  "num_leaves": 25,
  "min_child_samples": 24,
  "subsample": 0.6960293645744536,
  "colsample_bytree": 0.7661937025944754,
  "reg_alpha": 0.01799306334388692,
  "reg_lambda": 1.5924830094222447e-05
}