{
  "n_estimators": 900,
  "max_depth": 7,
  "learning_rate": 0.03660534497405928,
  "num_leaves": 56,
  "min_child_samples": 12,
  "subsample": 0.7596695558566713,
  "colsample_bytree": 0.9381956352079355,
  "reg_alpha": 2.4742703725516538e-06,
  "reg_lambda": 0.0008256114034858186
}