{
  "n_estimators": 300,
  "max_depth": 8,
  "learning_rate": 0.07989979217760178,
  "num_leaves": 15,
  "min_child_samples": 53,
  "subsample": 0.6562450870782909,
  "colsample_bytree": 0.9291782406112721,
  "reg_alpha": 0.07582207177751586,
  "reg_lambda": 0.008963073628063324
}