{
  "n_estimators": 800,
  "max_depth": 4,
  "learning_rate": 0.08510204790590381,
  "num_leaves": 27,
  "min_child_samples": 39,
  "subsample": 0.9141556533289494,
  "colsample_bytree": 0.6481791068899396,
  "reg_alpha": 1.6984761679651204,
  "reg_lambda": 9.280171263217581e-06
}