{
  "n_estimators": 800,
  "max_depth": 4,
  "learning_rate": 0.22728988174838777,
  "num_leaves": 48,
  "min_child_samples": 48,
  "subsample": 0.5476959305277296,
  "colsample_bytree": 0.6527806155214528,
  "reg_alpha": 0.0001897500906735654,
  "reg_lambda": 1.508646141174735e-07
}