{
  "n_estimators": 1000,
  "max_depth": 3,
  "learning_rate": 0.017038244128348642,
  "num_leaves": 19,
  "min_child_samples": 89,
  "subsample": 0.5315218964806678,
  "colsample_bytree": 0.5288226981878408,
  "reg_alpha": 6.396968524684058e-06,
  "reg_lambda": 8.681396218338315e-07
}