{
  "n_estimators": 300,
  "max_depth": 8,
  "learning_rate": 0.10681391226094276,
  "num_leaves": 43,
  "min_child_samples": 31,
  "subsample": 0.9016595368833946,
  "colsample_bytree": 0.4246860732303324,
  "reg_alpha": 0.08754216177087884,
  "reg_lambda": 8.676400634423771e-06
}