{
  "n_estimators": 900,
  "max_depth": 8,
  "learning_rate": 0.022368993478942615,
  "num_leaves": 19,
  "min_child_samples": 45,
  "subsample": 0.5591626200361527,
  "colsample_bytree": 0.372926993277918,
  "reg_alpha": 0.004767688382859991,
  "reg_lambda": 0.06335678580630828
}