{
  "n_estimators": 400,
  "max_depth": 3,
  "learning_rate": 0.020339996823476276,
  "num_leaves": 52,
  "min_child_samples": 53,
  "subsample": 0.645245622092119,
  "colsample_bytree": 0.5096212279902987,
  "reg_alpha": 6.966294890989232e-07,
  "reg_lambda": 4.2346542012029515e-05
}