{
  "n_estimators": 200,
  "max_depth": 7,
  "learning_rate": 0.010777224026719044,
  "num_leaves": 48,
  "min_child_samples": 86,
  "subsample": 0.6221743083169332,
  "colsample_bytree": 0.4232620661326549,
  "reg_alpha": 6.73697611917987e-05,
  "reg_lambda": 1.0723225938089396
}