{
  "n_estimators": 300,
  "max_depth": 12,
  "learning_rate": 0.04544645429908941,
  "num_leaves": 24,
  "min_child_samples": 64,
  "subsample": 0.9628771852540781,
  "colsample_bytree": 0.7356917762087076,
  "reg_alpha": 0.0013740878346288309,
  "reg_lambda": 0.00013073902210381994
}