{
  "n_estimators": 500,
  "max_depth": 12,
  "learning_rate": 0.04129966587716225,
  "num_leaves": 23,
  "min_child_samples": 95,
  "subsample": 0.7838886074274334,
  "colsample_bytree": 0.9215677710864425,
  "reg_alpha": 7.575041218978656e-07,
  "reg_lambda": 1.3724426128323199e-05
}