{
  "n_estimators": 100,
  "max_depth": 3,
  "learning_rate": 0.09390867608681104,
  "num_leaves": 42,
  "min_child_samples": 60,
  "subsample": 0.7193639436652686,
  "colsample_bytree": 0.5146400344165915,
  "reg_alpha": 0.0006028538957647792,
  "reg_lambda": 4.500748316171216e-08
}