{
  "n_estimators": 1400,
  "max_depth": 3,
  "learning_rate": 0.13117608584770135,
  "min_child_weight": 40,
  "subsample": 0.6620797470513561,
  "colsample_bytree": 0.7830325476320532,
  "reg_alpha": 3.5887406955494674e-07,
  "reg_lambda": 6.549593468728896e-05,
  "gamma": 4.559374033303577
}