{
  "n_estimators": 1100,
  "max_depth": 3,
  "learning_rate": 0.10154615110136225,
  "min_child_weight": 45,
  "subsample": 0.369224061028662,
  "colsample_bytree": 0.3197658543673954,
  "reg_alpha": 0.0050654859718242285,
  "reg_lambda": 8.199904743874287e-05,
  "gamma": 0.996443338645619
}