{
  "n_estimators": 1300,
  "max_depth": 8,
  "learning_rate": 0.22541876638306366,
  "min_child_weight": 8,
  "subsample": 0.4621529600857571,
  "colsample_bytree": 0.9047646735055435,
  "reg_alpha": 6.046572476263071,
  "reg_lambda": 2.8226627215908474e-05,
  "gamma": 3.7298968483170327
}