{
  "n_estimators": 100,
  "max_depth": 9,
  "learning_rate": 0.04166633726857476,
  "min_child_weight": 50,
  "subsample": 0.843762929531364,
  "colsample_bytree": 0.4683388879454099,
  "reg_alpha": 0.0004063741254160876,
  "reg_lambda": 5.651587428429864e-06,
  "gamma": 3.071076200167262
}