{
  "n_estimators": 2000,
  "max_depth": 7,
  "learning_rate": 0.010404428166347448,
  "min_child_weight": 38,
  "subsample": 0.9159014089645863,
  "colsample_bytree": 0.7541541514774366,
  "reg_alpha": 5.725290303627927e-07,
  "reg_lambda": 0.00018990559477719736,
  "gamma": 4.568245531122938
}