{
  "n_estimators": 900,
  "max_depth": 5,
  "learning_rate": 0.17459194354177865,
  "min_child_weight": 1,
  "subsample": 0.5081006091963982,
  "colsample_bytree": 0.7397738372929934,
  "reg_alpha": 0.00013357844767280703,
  "reg_lambda": 2.327024599710322e-08,
  "gamma": 0.18746656773775627
}