{
  "n_estimators": 200,
  "max_depth": 10,
  "learning_rate": 0.022181754672150104,
  "min_child_weight": 2,
  "subsample": 0.3172201317656346,
  "colsample_bytree": 0.3609472636703633,
  "reg_alpha": 0.0030046538797113497,
  "reg_lambda": 7.161023243132429e-07,
  "gamma": 2.8153361878140206
}