{
  "n_estimators": 200,
  "max_depth": 7,
  "learning_rate": 0.00589369416224989,
  "min_child_weight": 26,
  "subsample": 0.5746977430952576,
  "colsample_bytree": 0.9625076142519176,
  "reg_alpha": 0.0002337657204707682,
  "reg_lambda": 0.0003066596851249695,
  "gamma": 2.9099083420759326
}