{
  "n_estimators": 1300,
  "max_depth": 11,
  "learning_rate": 0.008255848844274823,
  "min_child_weight": 36,
  "subsample": 0.4098990485845316,
  "colsample_bytree": 0.525038029088918,
  "reg_alpha": 3.3621829221328006e-07,
  "reg_lambda": 0.018751423120208867,
  "gamma": 1.3948199457044963
}