{
  "n_estimators": 1100,
  "max_depth": 3,
  "learning_rate": 0.36904235523131274,
  "min_child_weight": 28,
  "subsample": 0.49379932011618477,
  "colsample_bytree": 0.7814118394546674,
  "reg_alpha": 1.3861376837485841,
  "reg_lambda": 0.6968090064191906,
  "gamma": 1.5292576980497141
}