{
  "n_estimators": 1700,
  "max_depth": 11,
  "learning_rate": 0.013444302789885381,
  "min_child_weight": 48,
  "subsample": 0.7360570898849953,
  "colsample_bytree": 0.3356917316114323,
  "reg_alpha": 0.005837309720393961,
  "reg_lambda": 0.70758262806069,
  "gamma": 3.572664291010263
}