{
  "n_estimators": 1900,
  "max_depth": 7,
  "learning_rate": 0.015067950727960407,
  "min_child_weight": 16,
  "subsample": 0.49613472594008956,
  "colsample_bytree": 0.8571244397591287,
  "reg_alpha": 0.0038164242114874683,
  "reg_lambda": 0.006506597252335095,
  "gamma": 2.4690535526857
}