{
  "n_estimators": 100,
  "max_depth": 8,
  "learning_rate": 0.14177827207126803,
  "min_child_weight": 31,
  "subsample": 0.468536939354551,
  "colsample_bytree": 0.3970003178877092,
  "reg_alpha": 0.09591329782932773,
  "reg_lambda": 7.291291640657557,
  "gamma": 0.7245582200545075
}