{
  "n_estimators": 1600,
  "max_depth": 7,
  "learning_rate": 0.06585911211854126,
  "min_child_weight": 6,
  "subsample": 0.5310531414710497,
  "colsample_bytree": 0.3186438224258016,
  "reg_alpha": 7.9635301876036895,
  "reg_lambda": 0.0002082378702009209,
  "gamma": 1.1596482320083557
}